"GroupLevel","GroupID","MetricID","Numerator","Denominator","Metric","Score","Flag"
"Site","SITE022","Analysis_srs0001",5,114,4.3859649122807,4.3859649122807,NA
"Site","SITE101","Analysis_srs0001",8,114,7.01754385964912,7.01754385964912,NA
"Site","SITE1102","Analysis_srs0001",0,114,0,0,NA
"Site","SITE1233","Analysis_srs0001",0,114,0,0,NA
"Site","SITE1257","Analysis_srs0001",0,114,0,0,NA
"Site","SITE1273","Analysis_srs0001",0,114,0,0,NA
"Site","SITE1544","Analysis_srs0001",0,114,0,0,NA
"Site","SITE1727","Analysis_srs0001",0,114,0,0,NA
"Site","SITE1748","Analysis_srs0001",8,114,7.01754385964912,7.01754385964912,NA
"Site","SITE1750","Analysis_srs0001",2,114,1.75438596491228,1.75438596491228,NA
"Site","SITE1786","Analysis_srs0001",1,114,0.87719298245614,0.87719298245614,NA
"Site","SITE180","Analysis_srs0001",16,114,14.0350877192982,14.0350877192982,NA
"Site","SITE1841","Analysis_srs0001",0,114,0,0,NA
"Site","SITE1910","Analysis_srs0001",0,114,0,0,NA
"Site","SITE1934","Analysis_srs0001",1,114,0.87719298245614,0.87719298245614,NA
"Site","SITE1935","Analysis_srs0001",0,114,0,0,NA
"Site","SITE1982","Analysis_srs0001",2,114,1.75438596491228,1.75438596491228,NA
"Site","SITE2030","Analysis_srs0001",0,114,0,0,NA
"Site","SITE213","Analysis_srs0001",1,114,0.87719298245614,0.87719298245614,NA
"Site","SITE216","Analysis_srs0001",0,114,0,0,NA
"Site","SITE2170","Analysis_srs0001",16,114,14.0350877192982,14.0350877192982,NA
"Site","SITE2192","Analysis_srs0001",2,114,1.75438596491228,1.75438596491228,NA
"Site","SITE2323","Analysis_srs0001",2,114,1.75438596491228,1.75438596491228,NA
"Site","SITE2354","Analysis_srs0001",0,114,0,0,NA
"Site","SITE2373","Analysis_srs0001",16,114,14.0350877192982,14.0350877192982,NA
"Site","SITE2532","Analysis_srs0001",0,114,0,0,NA
"Site","SITE2883","Analysis_srs0001",0,114,0,0,NA
"Site","SITE2894","Analysis_srs0001",0,114,0,0,NA
"Site","SITE2901","Analysis_srs0001",4,114,3.50877192982456,3.50877192982456,NA
"Site","SITE2923","Analysis_srs0001",0,114,0,0,NA
"Site","SITE2980","Analysis_srs0001",0,114,0,0,NA
"Site","SITE2986","Analysis_srs0001",16,114,14.0350877192982,14.0350877192982,NA
"Site","SITE3068","Analysis_srs0001",0,114,0,0,NA
"Site","SITE3077","Analysis_srs0001",0,114,0,0,NA
"Site","SITE3081","Analysis_srs0001",0,114,0,0,NA
"Site","SITE3090","Analysis_srs0001",0,114,0,0,NA
"Site","SITE3289","Analysis_srs0001",0,114,0,0,NA
"Site","SITE3319","Analysis_srs0001",0,114,0,0,NA
"Site","SITE3353","Analysis_srs0001",4,114,3.50877192982456,3.50877192982456,NA
"Site","SITE3415","Analysis_srs0001",0,114,0,0,NA
"Site","SITE3719","Analysis_srs0001",0,114,0,0,NA
"Site","SITE3754","Analysis_srs0001",0,114,0,0,NA
"Site","SITE3759","Analysis_srs0001",0,114,0,0,NA
"Site","SITE3839","Analysis_srs0001",5,114,4.3859649122807,4.3859649122807,NA
"Site","SITE3871","Analysis_srs0001",0,114,0,0,NA
"Site","SITE3909","Analysis_srs0001",0,114,0,0,NA
"Site","SITE3938","Analysis_srs0001",0,114,0,0,NA
"Site","SITE3989","Analysis_srs0001",0,114,0,0,NA
"Site","SITE4028","Analysis_srs0001",0,114,0,0,NA
"Site","SITE404","Analysis_srs0001",0,114,0,0,NA
"Site","SITE4072","Analysis_srs0001",0,114,0,0,NA
"Site","SITE4155","Analysis_srs0001",0,114,0,0,NA
"Site","SITE4260","Analysis_srs0001",0,114,0,0,NA
"Site","SITE4264","Analysis_srs0001",0,114,0,0,NA
"Site","SITE4275","Analysis_srs0001",0,114,0,0,NA
"Site","SITE4314","Analysis_srs0001",2,114,1.75438596491228,1.75438596491228,NA
"Site","SITE4323","Analysis_srs0001",0,114,0,0,NA
"Site","SITE4424","Analysis_srs0001",1,114,0.87719298245614,0.87719298245614,NA
"Site","SITE4485","Analysis_srs0001",2,114,1.75438596491228,1.75438596491228,NA
"Site","SITE4543","Analysis_srs0001",1,114,0.87719298245614,0.87719298245614,NA
"Site","SITE4590","Analysis_srs0001",0,114,0,0,NA
"Site","SITE4597","Analysis_srs0001",4,114,3.50877192982456,3.50877192982456,NA
"Site","SITE4612","Analysis_srs0001",0,114,0,0,NA
"Site","SITE4629","Analysis_srs0001",1,114,0.87719298245614,0.87719298245614,NA
"Site","SITE4671","Analysis_srs0001",0,114,0,0,NA
"Site","SITE4703","Analysis_srs0001",0,114,0,0,NA
"Site","SITE4744","Analysis_srs0001",0,114,0,0,NA
"Site","SITE4754","Analysis_srs0001",1,114,0.87719298245614,0.87719298245614,NA
"Site","SITE4874","Analysis_srs0001",24,114,21.0526315789474,21.0526315789474,NA
"Site","SITE4875","Analysis_srs0001",0,114,0,0,NA
"Site","SITE4959","Analysis_srs0001",1,114,0.87719298245614,0.87719298245614,NA
"Site","SITE4976","Analysis_srs0001",0,114,0,0,NA
"Site","SITE5033","Analysis_srs0001",1,114,0.87719298245614,0.87719298245614,NA
"Site","SITE5062","Analysis_srs0001",0,114,0,0,NA
"Site","SITE5217","Analysis_srs0001",0,114,0,0,NA
"Site","SITE5289","Analysis_srs0001",8,114,7.01754385964912,7.01754385964912,NA
"Site","SITE5384","Analysis_srs0001",16,114,14.0350877192982,14.0350877192982,NA
"Site","SITE5425","Analysis_srs0001",0,114,0,0,NA
"Site","SITE5611","Analysis_srs0001",0,114,0,0,NA
"Site","SITE5895","Analysis_srs0001",0,114,0,0,NA
"Site","SITE6068","Analysis_srs0001",0,114,0,0,NA
"Site","SITE6123","Analysis_srs0001",0,114,0,0,NA
"Site","SITE6155","Analysis_srs0001",0,114,0,0,NA
"Site","SITE6184","Analysis_srs0001",0,114,0,0,NA
"Site","SITE6384","Analysis_srs0001",0,114,0,0,NA
"Site","SITE6405","Analysis_srs0001",0,114,0,0,NA
"Site","SITE6410","Analysis_srs0001",0,114,0,0,NA
"Site","SITE6440","Analysis_srs0001",0,114,0,0,NA
"Site","SITE6572","Analysis_srs0001",0,114,0,0,NA
"Site","SITE6603","Analysis_srs0001",0,114,0,0,NA
"Site","SITE6832","Analysis_srs0001",0,114,0,0,NA
"Site","SITE6900","Analysis_srs0001",0,114,0,0,NA
"Site","SITE6991","Analysis_srs0001",0,114,0,0,NA
"Site","SITE7004","Analysis_srs0001",16,114,14.0350877192982,14.0350877192982,NA
"Site","SITE7011","Analysis_srs0001",1,114,0.87719298245614,0.87719298245614,NA
"Site","SITE7096","Analysis_srs0001",0,114,0,0,NA
"Site","SITE7184","Analysis_srs0001",0,114,0,0,NA
"Site","SITE7208","Analysis_srs0001",8,114,7.01754385964912,7.01754385964912,NA
"Site","SITE7246","Analysis_srs0001",0,114,0,0,NA
"Site","SITE7543","Analysis_srs0001",0,114,0,0,NA
"Site","SITE759","Analysis_srs0001",0,114,0,0,NA
"Site","SITE7604","Analysis_srs0001",1,114,0.87719298245614,0.87719298245614,NA
"Site","SITE7809","Analysis_srs0001",16,114,14.0350877192982,14.0350877192982,NA
"Site","SITE7838","Analysis_srs0001",32,114,28.0701754385965,28.0701754385965,NA
"Site","SITE7860","Analysis_srs0001",0,114,0,0,NA
"Site","SITE7983","Analysis_srs0001",32,114,28.0701754385965,28.0701754385965,NA
"Site","SITE8084","Analysis_srs0001",0,114,0,0,NA
"Site","SITE8091","Analysis_srs0001",33,114,28.9473684210526,28.9473684210526,NA
"Site","SITE8210","Analysis_srs0001",16,114,14.0350877192982,14.0350877192982,NA
"Site","SITE8351","Analysis_srs0001",8,114,7.01754385964912,7.01754385964912,NA
"Site","SITE8354","Analysis_srs0001",16,114,14.0350877192982,14.0350877192982,NA
"Site","SITE8361","Analysis_srs0001",0,114,0,0,NA
"Site","SITE8420","Analysis_srs0001",4,114,3.50877192982456,3.50877192982456,NA
"Site","SITE8517","Analysis_srs0001",17,114,14.9122807017544,14.9122807017544,NA
"Site","SITE8616","Analysis_srs0001",0,114,0,0,NA
"Site","SITE8625","Analysis_srs0001",8,114,7.01754385964912,7.01754385964912,NA
"Site","SITE8627","Analysis_srs0001",0,114,0,0,NA
"Site","SITE8633","Analysis_srs0001",16,114,14.0350877192982,14.0350877192982,NA
"Site","SITE8764","Analysis_srs0001",1,114,0.87719298245614,0.87719298245614,NA
"Site","SITE8768","Analysis_srs0001",16,114,14.0350877192982,14.0350877192982,NA
"Site","SITE8786","Analysis_srs0001",16,114,14.0350877192982,14.0350877192982,NA
"Site","SITE8788","Analysis_srs0001",16,114,14.0350877192982,14.0350877192982,NA
"Site","SITE8799","Analysis_srs0001",1,114,0.87719298245614,0.87719298245614,NA
"Site","SITE8835","Analysis_srs0001",0,114,0,0,NA
"Site","SITE8857","Analysis_srs0001",0,114,0,0,NA
"Site","SITE8997","Analysis_srs0001",4,114,3.50877192982456,3.50877192982456,NA
"Site","SITE9082","Analysis_srs0001",8,114,7.01754385964912,7.01754385964912,NA
"Site","SITE9142","Analysis_srs0001",0,114,0,0,NA
"Site","SITE9147","Analysis_srs0001",0,114,0,0,NA
"Site","SITE9346","Analysis_srs0001",1,114,0.87719298245614,0.87719298245614,NA
"Site","SITE9360","Analysis_srs0001",0,114,0,0,NA
"Site","SITE9395","Analysis_srs0001",0,114,0,0,NA
"Site","SITE9414","Analysis_srs0001",0,114,0,0,NA
"Site","SITE9418","Analysis_srs0001",0,114,0,0,NA
"Site","SITE9516","Analysis_srs0001",0,114,0,0,NA
"Site","SITE958","Analysis_srs0001",1,114,0.87719298245614,0.87719298245614,NA
"Site","SITE9580","Analysis_srs0001",16,114,14.0350877192982,14.0350877192982,NA
"Site","SITE9604","Analysis_srs0001",0,114,0,0,NA
"Site","SITE9661","Analysis_srs0001",1,114,0.87719298245614,0.87719298245614,NA
"Site","SITE9737","Analysis_srs0001",0,114,0,0,NA
"Site","SITE9858","Analysis_srs0001",0,114,0,0,NA
"Site","SITE9884","Analysis_srs0001",0,114,0,0,NA
"Site","SITE9888","Analysis_srs0001",16,114,14.0350877192982,14.0350877192982,NA
