"GroupID","Param","Value","GroupLevel"
"AA-AA-000-0000","studyid","AA-AA-000-0000","Study"
"AA-AA-000-0000","nickname","OAK-38","Study"
"AA-AA-000-0000","protocol_title","Protocol Title P","Study"
"AA-AA-000-0000","status","Active","Study"
"AA-AA-000-0000","num_plan_site","150","Study"
"AA-AA-000-0000","num_plan_subj","1000","Study"
"AA-AA-000-0000","act_fpfv","2012-01-02","Study"
"AA-AA-000-0000","est_fpfv","2012-01-07","Study"
"AA-AA-000-0000","est_lplv","2012-07-22","Study"
"AA-AA-000-0000","est_lpfv","2012-03-24","Study"
"AA-AA-000-0000","db_lock_dt","2012-03-29","Study"
"AA-AA-000-0000","therapeutic_area","Virology","Study"
"AA-AA-000-0000","protocol_indication","Hematology","Study"
"AA-AA-000-0000","phase","P2","Study"
"AA-AA-000-0000","product","Product Name 14","Study"
"AA-AA-000-0000","SiteTarget","150","Study"
"AA-AA-000-0000","ParticipantTarget","1000","Study"
"AA-AA-000-0000","ParticipantCount","765","Study"
"AA-AA-000-0000","SiteCount","148","Study"
"AA-AA-000-0000","PercentSitesActivated","98.7","Study"
"AA-AA-000-0000","SiteActivation","148 / 150 (98.7%)","Study"
"AA-AA-000-0000","PercentParticipantsEnrolled","76.5","Study"
"AA-AA-000-0000","ParticipantEnrollment","765 / 1000 (76.5%)","Study"
"SITE9360","studyid","AA-AA-000-0000","Site"
"SITE9360","invid","SITE9360","Site"
"SITE9360","InvestigatorFirstName","Fred","Site"
"SITE9360","InvestigatorLastName","Smith","Site"
"SITE9360","site_status","Active","Site"
"SITE9360","site_active_dt","2012-01-01","Site"
"SITE9360","City","Kumamoto","Site"
"SITE9360","State","Kumamoto Prefecture","Site"
"SITE9360","Country","Japan","Site"
"SITE958","studyid","AA-AA-000-0000","Site"
"SITE958","invid","SITE958","Site"
"SITE958","InvestigatorFirstName","Fred","Site"
"SITE958","InvestigatorLastName","Deer","Site"
"SITE958","site_status","Active","Site"
"SITE958","site_active_dt","2012-01-01","Site"
"SITE958","City","Milton Keynes","Site"
"SITE958","State","Buckinghamshire","Site"
"SITE958","Country","UK","Site"
"SITE2170","studyid","AA-AA-000-0000","Site"
"SITE2170","invid","SITE2170","Site"
"SITE2170","InvestigatorFirstName","John","Site"
"SITE2170","InvestigatorLastName","Deer","Site"
"SITE2170","site_status","Active","Site"
"SITE2170","site_active_dt","2012-01-01","Site"
"SITE2170","City","Tokyo","Site"
"SITE2170","State","Kanto","Site"
"SITE2170","Country","Japan","Site"
"SITE5895","studyid","AA-AA-000-0000","Site"
"SITE5895","invid","SITE5895","Site"
"SITE5895","InvestigatorFirstName","Joanne","Site"
"SITE5895","InvestigatorLastName","Deer","Site"
"SITE5895","site_status","Active","Site"
"SITE5895","site_active_dt","2012-01-01","Site"
"SITE5895","City","Kumamoto","Site"
"SITE5895","State","Kumamoto Prefecture","Site"
"SITE5895","Country","Japan","Site"
"SITE1257","studyid","AA-AA-000-0000","Site"
"SITE1257","invid","SITE1257","Site"
"SITE1257","InvestigatorFirstName","Joanne","Site"
"SITE1257","InvestigatorLastName","Doe","Site"
"SITE1257","site_status","Active","Site"
"SITE1257","site_active_dt","2012-01-01","Site"
"SITE1257","City","Tokyo","Site"
"SITE1257","State","Kanto","Site"
"SITE1257","Country","Japan","Site"
"SITE8799","studyid","AA-AA-000-0000","Site"
"SITE8799","invid","SITE8799","Site"
"SITE8799","InvestigatorFirstName","John","Site"
"SITE8799","InvestigatorLastName","Doe","Site"
"SITE8799","site_status","Active","Site"
"SITE8799","site_active_dt","2012-01-01","Site"
"SITE8799","City","Milton Keynes","Site"
"SITE8799","State","Buckinghamshire","Site"
"SITE8799","Country","UK","Site"
"SITE4590","studyid","AA-AA-000-0000","Site"
"SITE4590","invid","SITE4590","Site"
"SITE4590","InvestigatorFirstName","John","Site"
"SITE4590","InvestigatorLastName","Smith","Site"
"SITE4590","site_status","Active","Site"
"SITE4590","site_active_dt","2012-01-01","Site"
"SITE4590","City","Newtown Square","Site"
"SITE4590","State","PA","Site"
"SITE4590","Country","US","Site"
"SITE4629","studyid","AA-AA-000-0000","Site"
"SITE4629","invid","SITE4629","Site"
"SITE4629","InvestigatorFirstName","John","Site"
"SITE4629","InvestigatorLastName","Doe","Site"
"SITE4629","site_status","Active","Site"
"SITE4629","site_active_dt","2012-01-01","Site"
"SITE4629","City","Tokyo","Site"
"SITE4629","State","Kanto","Site"
"SITE4629","Country","Japan","Site"
"SITE9346","studyid","AA-AA-000-0000","Site"
"SITE9346","invid","SITE9346","Site"
"SITE9346","InvestigatorFirstName","John","Site"
"SITE9346","InvestigatorLastName","Doe","Site"
"SITE9346","site_status","Active","Site"
"SITE9346","site_active_dt","2012-01-01","Site"
"SITE9346","City","London","Site"
"SITE9346","State","Greater London","Site"
"SITE9346","Country","UK","Site"
"SITE2901","studyid","AA-AA-000-0000","Site"
"SITE2901","invid","SITE2901","Site"
"SITE2901","InvestigatorFirstName","Joanne","Site"
"SITE2901","InvestigatorLastName","Doe","Site"
"SITE2901","site_status","Active","Site"
"SITE2901","site_active_dt","2012-01-01","Site"
"SITE2901","City","Foster City","Site"
"SITE2901","State","CA","Site"
"SITE2901","Country","US","Site"
"SITE9737","studyid","AA-AA-000-0000","Site"
"SITE9737","invid","SITE9737","Site"
"SITE9737","InvestigatorFirstName","Joanne","Site"
"SITE9737","InvestigatorLastName","Doe","Site"
"SITE9737","site_status","Active","Site"
"SITE9737","site_active_dt","2012-01-01","Site"
"SITE9737","City","Kumamoto","Site"
"SITE9737","State","Kumamoto Prefecture","Site"
"SITE9737","Country","Japan","Site"
"SITE9142","studyid","AA-AA-000-0000","Site"
"SITE9142","invid","SITE9142","Site"
"SITE9142","InvestigatorFirstName","Joanne","Site"
"SITE9142","InvestigatorLastName","Smith","Site"
"SITE9142","site_status","Active","Site"
"SITE9142","site_active_dt","2012-01-01","Site"
"SITE9142","City","Kumamoto","Site"
"SITE9142","State","Kumamoto Prefecture","Site"
"SITE9142","Country","Japan","Site"
"SITE3989","studyid","AA-AA-000-0000","Site"
"SITE3989","invid","SITE3989","Site"
"SITE3989","InvestigatorFirstName","Fred","Site"
"SITE3989","InvestigatorLastName","Smith","Site"
"SITE3989","site_status","Active","Site"
"SITE3989","site_active_dt","2012-01-01","Site"
"SITE3989","City","Newtown Square","Site"
"SITE3989","State","PA","Site"
"SITE3989","Country","US","Site"
"SITE9580","studyid","AA-AA-000-0000","Site"
"SITE9580","invid","SITE9580","Site"
"SITE9580","InvestigatorFirstName","Joanne","Site"
"SITE9580","InvestigatorLastName","Deer","Site"
"SITE9580","site_status","Active","Site"
"SITE9580","site_active_dt","2012-01-01","Site"
"SITE9580","City","London","Site"
"SITE9580","State","Greater London","Site"
"SITE9580","Country","UK","Site"
"SITE9858","studyid","AA-AA-000-0000","Site"
"SITE9858","invid","SITE9858","Site"
"SITE9858","InvestigatorFirstName","Joanne","Site"
"SITE9858","InvestigatorLastName","Doe","Site"
"SITE9858","site_status","Active","Site"
"SITE9858","site_active_dt","2012-01-01","Site"
"SITE9858","City","Milton Keynes","Site"
"SITE9858","State","Buckinghamshire","Site"
"SITE9858","Country","UK","Site"
"SITE8786","studyid","AA-AA-000-0000","Site"
"SITE8786","invid","SITE8786","Site"
"SITE8786","InvestigatorFirstName","Fred","Site"
"SITE8786","InvestigatorLastName","Deer","Site"
"SITE8786","site_status","Active","Site"
"SITE8786","site_active_dt","2012-01-01","Site"
"SITE8786","City","Foster City","Site"
"SITE8786","State","CA","Site"
"SITE8786","Country","US","Site"
"SITE8625","studyid","AA-AA-000-0000","Site"
"SITE8625","invid","SITE8625","Site"
"SITE8625","InvestigatorFirstName","Fred","Site"
"SITE8625","InvestigatorLastName","Deer","Site"
"SITE8625","site_status","Active","Site"
"SITE8625","site_active_dt","2012-01-01","Site"
"SITE8625","City","Newtown Square","Site"
"SITE8625","State","PA","Site"
"SITE8625","Country","US","Site"
"SITE6900","studyid","AA-AA-000-0000","Site"
"SITE6900","invid","SITE6900","Site"
"SITE6900","InvestigatorFirstName","Fred","Site"
"SITE6900","InvestigatorLastName","Deer","Site"
"SITE6900","site_status","Active","Site"
"SITE6900","site_active_dt","2012-01-01","Site"
"SITE6900","City","Tokyo","Site"
"SITE6900","State","Kanto","Site"
"SITE6900","Country","Japan","Site"
"SITE759","studyid","AA-AA-000-0000","Site"
"SITE759","invid","SITE759","Site"
"SITE759","InvestigatorFirstName","John","Site"
"SITE759","InvestigatorLastName","Smith","Site"
"SITE759","site_status","Active","Site"
"SITE759","site_active_dt","2012-01-01","Site"
"SITE759","City","Foster City","Site"
"SITE759","State","CA","Site"
"SITE759","Country","US","Site"
"SITE3289","studyid","AA-AA-000-0000","Site"
"SITE3289","invid","SITE3289","Site"
"SITE3289","InvestigatorFirstName","Joanne","Site"
"SITE3289","InvestigatorLastName","Deer","Site"
"SITE3289","site_status","Active","Site"
"SITE3289","site_active_dt","2012-01-01","Site"
"SITE3289","City","Foster City","Site"
"SITE3289","State","CA","Site"
"SITE3289","Country","US","Site"
"SITE1750","studyid","AA-AA-000-0000","Site"
"SITE1750","invid","SITE1750","Site"
"SITE1750","InvestigatorFirstName","Joanne","Site"
"SITE1750","InvestigatorLastName","Smith","Site"
"SITE1750","site_status","Active","Site"
"SITE1750","site_active_dt","2012-01-01","Site"
"SITE1750","City","Newtown Square","Site"
"SITE1750","State","PA","Site"
"SITE1750","Country","US","Site"
"SITE3909","studyid","AA-AA-000-0000","Site"
"SITE3909","invid","SITE3909","Site"
"SITE3909","InvestigatorFirstName","Fred","Site"
"SITE3909","InvestigatorLastName","Smith","Site"
"SITE3909","site_status","Active","Site"
"SITE3909","site_active_dt","2012-01-01","Site"
"SITE3909","City","Kumamoto","Site"
"SITE3909","State","Kumamoto Prefecture","Site"
"SITE3909","Country","Japan","Site"
"SITE2323","studyid","AA-AA-000-0000","Site"
"SITE2323","invid","SITE2323","Site"
"SITE2323","InvestigatorFirstName","Fred","Site"
"SITE2323","InvestigatorLastName","Smith","Site"
"SITE2323","site_status","Active","Site"
"SITE2323","site_active_dt","2012-01-01","Site"
"SITE2323","City","Tokyo","Site"
"SITE2323","State","Kanto","Site"
"SITE2323","Country","Japan","Site"
"SITE4264","studyid","AA-AA-000-0000","Site"
"SITE4264","invid","SITE4264","Site"
"SITE4264","InvestigatorFirstName","Fred","Site"
"SITE4264","InvestigatorLastName","Deer","Site"
"SITE4264","site_status","Active","Site"
"SITE4264","site_active_dt","2012-01-01","Site"
"SITE4264","City","Newtown Square","Site"
"SITE4264","State","PA","Site"
"SITE4264","Country","US","Site"
"SITE1982","studyid","AA-AA-000-0000","Site"
"SITE1982","invid","SITE1982","Site"
"SITE1982","InvestigatorFirstName","Fred","Site"
"SITE1982","InvestigatorLastName","Smith","Site"
"SITE1982","site_status","Active","Site"
"SITE1982","site_active_dt","2012-01-01","Site"
"SITE1982","City","Newtown Square","Site"
"SITE1982","State","PA","Site"
"SITE1982","Country","US","Site"
"SITE8764","studyid","AA-AA-000-0000","Site"
"SITE8764","invid","SITE8764","Site"
"SITE8764","InvestigatorFirstName","John","Site"
"SITE8764","InvestigatorLastName","Smith","Site"
"SITE8764","site_status","Active","Site"
"SITE8764","site_active_dt","2012-01-01","Site"
"SITE8764","City","Tokyo","Site"
"SITE8764","State","Kanto","Site"
"SITE8764","Country","Japan","Site"
"SITE4959","studyid","AA-AA-000-0000","Site"
"SITE4959","invid","SITE4959","Site"
"SITE4959","InvestigatorFirstName","Fred","Site"
"SITE4959","InvestigatorLastName","Doe","Site"
"SITE4959","site_status","Active","Site"
"SITE4959","site_active_dt","2012-01-01","Site"
"SITE4959","City","Newtown Square","Site"
"SITE4959","State","PA","Site"
"SITE4959","Country","US","Site"
"SITE8517","studyid","AA-AA-000-0000","Site"
"SITE8517","invid","SITE8517","Site"
"SITE8517","InvestigatorFirstName","Fred","Site"
"SITE8517","InvestigatorLastName","Smith","Site"
"SITE8517","site_status","Active","Site"
"SITE8517","site_active_dt","2012-01-01","Site"
"SITE8517","City","Milton Keynes","Site"
"SITE8517","State","Buckinghamshire","Site"
"SITE8517","Country","UK","Site"
"SITE2532","studyid","AA-AA-000-0000","Site"
"SITE2532","invid","SITE2532","Site"
"SITE2532","InvestigatorFirstName","Fred","Site"
"SITE2532","InvestigatorLastName","Doe","Site"
"SITE2532","site_status","Active","Site"
"SITE2532","site_active_dt","2012-01-01","Site"
"SITE2532","City","Foster City","Site"
"SITE2532","State","CA","Site"
"SITE2532","Country","US","Site"
"SITE6603","studyid","AA-AA-000-0000","Site"
"SITE6603","invid","SITE6603","Site"
"SITE6603","InvestigatorFirstName","Joanne","Site"
"SITE6603","InvestigatorLastName","Smith","Site"
"SITE6603","site_status","Active","Site"
"SITE6603","site_active_dt","2012-01-01","Site"
"SITE6603","City","Milton Keynes","Site"
"SITE6603","State","Buckinghamshire","Site"
"SITE6603","Country","UK","Site"
"SITE7983","studyid","AA-AA-000-0000","Site"
"SITE7983","invid","SITE7983","Site"
"SITE7983","InvestigatorFirstName","Joanne","Site"
"SITE7983","InvestigatorLastName","Smith","Site"
"SITE7983","site_status","Active","Site"
"SITE7983","site_active_dt","2012-01-01","Site"
"SITE7983","City","Foster City","Site"
"SITE7983","State","CA","Site"
"SITE7983","Country","US","Site"
"SITE1910","studyid","AA-AA-000-0000","Site"
"SITE1910","invid","SITE1910","Site"
"SITE1910","InvestigatorFirstName","Fred","Site"
"SITE1910","InvestigatorLastName","Deer","Site"
"SITE1910","site_status","Active","Site"
"SITE1910","site_active_dt","2012-01-01","Site"
"SITE1910","City","Newtown Square","Site"
"SITE1910","State","PA","Site"
"SITE1910","Country","US","Site"
"SITE8091","studyid","AA-AA-000-0000","Site"
"SITE8091","invid","SITE8091","Site"
"SITE8091","InvestigatorFirstName","Joanne","Site"
"SITE8091","InvestigatorLastName","Smith","Site"
"SITE8091","site_status","Active","Site"
"SITE8091","site_active_dt","2012-01-01","Site"
"SITE8091","City","Milton Keynes","Site"
"SITE8091","State","Buckinghamshire","Site"
"SITE8091","Country","UK","Site"
"SITE3090","studyid","AA-AA-000-0000","Site"
"SITE3090","invid","SITE3090","Site"
"SITE3090","InvestigatorFirstName","John","Site"
"SITE3090","InvestigatorLastName","Smith","Site"
"SITE3090","site_status","Active","Site"
"SITE3090","site_active_dt","2012-01-01","Site"
"SITE3090","City","Newtown Square","Site"
"SITE3090","State","PA","Site"
"SITE3090","Country","US","Site"
"SITE2192","studyid","AA-AA-000-0000","Site"
"SITE2192","invid","SITE2192","Site"
"SITE2192","InvestigatorFirstName","John","Site"
"SITE2192","InvestigatorLastName","Deer","Site"
"SITE2192","site_status","Active","Site"
"SITE2192","site_active_dt","2012-01-01","Site"
"SITE2192","City","Milton Keynes","Site"
"SITE2192","State","Buckinghamshire","Site"
"SITE2192","Country","UK","Site"
"SITE101","studyid","AA-AA-000-0000","Site"
"SITE101","invid","SITE101","Site"
"SITE101","InvestigatorFirstName","John","Site"
"SITE101","InvestigatorLastName","Deer","Site"
"SITE101","site_status","Active","Site"
"SITE101","site_active_dt","2012-01-01","Site"
"SITE101","City","Milton Keynes","Site"
"SITE101","State","Buckinghamshire","Site"
"SITE101","Country","UK","Site"
"SITE213","studyid","AA-AA-000-0000","Site"
"SITE213","invid","SITE213","Site"
"SITE213","InvestigatorFirstName","Fred","Site"
"SITE213","InvestigatorLastName","Smith","Site"
"SITE213","site_status","Active","Site"
"SITE213","site_active_dt","2012-01-01","Site"
"SITE213","City","London","Site"
"SITE213","State","Greater London","Site"
"SITE213","Country","UK","Site"
"SITE4485","studyid","AA-AA-000-0000","Site"
"SITE4485","invid","SITE4485","Site"
"SITE4485","InvestigatorFirstName","Fred","Site"
"SITE4485","InvestigatorLastName","Doe","Site"
"SITE4485","site_status","Active","Site"
"SITE4485","site_active_dt","2012-01-01","Site"
"SITE4485","City","Newtown Square","Site"
"SITE4485","State","PA","Site"
"SITE4485","Country","US","Site"
"SITE8788","studyid","AA-AA-000-0000","Site"
"SITE8788","invid","SITE8788","Site"
"SITE8788","InvestigatorFirstName","Fred","Site"
"SITE8788","InvestigatorLastName","Deer","Site"
"SITE8788","site_status","Active","Site"
"SITE8788","site_active_dt","2012-01-01","Site"
"SITE8788","City","Kumamoto","Site"
"SITE8788","State","Kumamoto Prefecture","Site"
"SITE8788","Country","Japan","Site"
"SITE8351","studyid","AA-AA-000-0000","Site"
"SITE8351","invid","SITE8351","Site"
"SITE8351","InvestigatorFirstName","John","Site"
"SITE8351","InvestigatorLastName","Deer","Site"
"SITE8351","site_status","Active","Site"
"SITE8351","site_active_dt","2012-01-01","Site"
"SITE8351","City","Milton Keynes","Site"
"SITE8351","State","Buckinghamshire","Site"
"SITE8351","Country","UK","Site"
"SITE6405","studyid","AA-AA-000-0000","Site"
"SITE6405","invid","SITE6405","Site"
"SITE6405","InvestigatorFirstName","John","Site"
"SITE6405","InvestigatorLastName","Doe","Site"
"SITE6405","site_status","Active","Site"
"SITE6405","site_active_dt","2012-01-01","Site"
"SITE6405","City","Foster City","Site"
"SITE6405","State","CA","Site"
"SITE6405","Country","US","Site"
"SITE8633","studyid","AA-AA-000-0000","Site"
"SITE8633","invid","SITE8633","Site"
"SITE8633","InvestigatorFirstName","Fred","Site"
"SITE8633","InvestigatorLastName","Smith","Site"
"SITE8633","site_status","Active","Site"
"SITE8633","site_active_dt","2012-01-01","Site"
"SITE8633","City","Tokyo","Site"
"SITE8633","State","Kanto","Site"
"SITE8633","Country","Japan","Site"
"SITE7809","studyid","AA-AA-000-0000","Site"
"SITE7809","invid","SITE7809","Site"
"SITE7809","InvestigatorFirstName","Joanne","Site"
"SITE7809","InvestigatorLastName","Deer","Site"
"SITE7809","site_status","Active","Site"
"SITE7809","site_active_dt","2012-01-01","Site"
"SITE7809","City","Kumamoto","Site"
"SITE7809","State","Kumamoto Prefecture","Site"
"SITE7809","Country","Japan","Site"
"SITE180","studyid","AA-AA-000-0000","Site"
"SITE180","invid","SITE180","Site"
"SITE180","InvestigatorFirstName","Fred","Site"
"SITE180","InvestigatorLastName","Doe","Site"
"SITE180","site_status","Active","Site"
"SITE180","site_active_dt","2012-01-01","Site"
"SITE180","City","London","Site"
"SITE180","State","Greater London","Site"
"SITE180","Country","UK","Site"
"SITE4874","studyid","AA-AA-000-0000","Site"
"SITE4874","invid","SITE4874","Site"
"SITE4874","InvestigatorFirstName","John","Site"
"SITE4874","InvestigatorLastName","Doe","Site"
"SITE4874","site_status","Active","Site"
"SITE4874","site_active_dt","2012-01-01","Site"
"SITE4874","City","Tokyo","Site"
"SITE4874","State","Kanto","Site"
"SITE4874","Country","Japan","Site"
"SITE7011","studyid","AA-AA-000-0000","Site"
"SITE7011","invid","SITE7011","Site"
"SITE7011","InvestigatorFirstName","John","Site"
"SITE7011","InvestigatorLastName","Deer","Site"
"SITE7011","site_status","Active","Site"
"SITE7011","site_active_dt","2012-01-01","Site"
"SITE7011","City","Foster City","Site"
"SITE7011","State","CA","Site"
"SITE7011","Country","US","Site"
"SITE8354","studyid","AA-AA-000-0000","Site"
"SITE8354","invid","SITE8354","Site"
"SITE8354","InvestigatorFirstName","Fred","Site"
"SITE8354","InvestigatorLastName","Deer","Site"
"SITE8354","site_status","Active","Site"
"SITE8354","site_active_dt","2012-01-01","Site"
"SITE8354","City","Kumamoto","Site"
"SITE8354","State","Kumamoto Prefecture","Site"
"SITE8354","Country","Japan","Site"
"SITE4323","studyid","AA-AA-000-0000","Site"
"SITE4323","invid","SITE4323","Site"
"SITE4323","InvestigatorFirstName","Joanne","Site"
"SITE4323","InvestigatorLastName","Smith","Site"
"SITE4323","site_status","Active","Site"
"SITE4323","site_active_dt","2012-01-01","Site"
"SITE4323","City","Foster City","Site"
"SITE4323","State","CA","Site"
"SITE4323","Country","US","Site"
"SITE5033","studyid","AA-AA-000-0000","Site"
"SITE5033","invid","SITE5033","Site"
"SITE5033","InvestigatorFirstName","John","Site"
"SITE5033","InvestigatorLastName","Smith","Site"
"SITE5033","site_status","Active","Site"
"SITE5033","site_active_dt","2012-01-01","Site"
"SITE5033","City","Foster City","Site"
"SITE5033","State","CA","Site"
"SITE5033","Country","US","Site"
"SITE5384","studyid","AA-AA-000-0000","Site"
"SITE5384","invid","SITE5384","Site"
"SITE5384","InvestigatorFirstName","Fred","Site"
"SITE5384","InvestigatorLastName","Smith","Site"
"SITE5384","site_status","Active","Site"
"SITE5384","site_active_dt","2012-01-01","Site"
"SITE5384","City","Milton Keynes","Site"
"SITE5384","State","Buckinghamshire","Site"
"SITE5384","Country","UK","Site"
"SITE9888","studyid","AA-AA-000-0000","Site"
"SITE9888","invid","SITE9888","Site"
"SITE9888","InvestigatorFirstName","Joanne","Site"
"SITE9888","InvestigatorLastName","Doe","Site"
"SITE9888","site_status","Active","Site"
"SITE9888","site_active_dt","2012-02-01","Site"
"SITE9888","City","London","Site"
"SITE9888","State","Greater London","Site"
"SITE9888","Country","UK","Site"
"SITE6572","studyid","AA-AA-000-0000","Site"
"SITE6572","invid","SITE6572","Site"
"SITE6572","InvestigatorFirstName","Fred","Site"
"SITE6572","InvestigatorLastName","Smith","Site"
"SITE6572","site_status","Active","Site"
"SITE6572","site_active_dt","2012-02-01","Site"
"SITE6572","City","Kumamoto","Site"
"SITE6572","State","Kumamoto Prefecture","Site"
"SITE6572","Country","Japan","Site"
"SITE7004","studyid","AA-AA-000-0000","Site"
"SITE7004","invid","SITE7004","Site"
"SITE7004","InvestigatorFirstName","Joanne","Site"
"SITE7004","InvestigatorLastName","Smith","Site"
"SITE7004","site_status","Active","Site"
"SITE7004","site_active_dt","2012-02-01","Site"
"SITE7004","City","Newtown Square","Site"
"SITE7004","State","PA","Site"
"SITE7004","Country","US","Site"
"SITE6384","studyid","AA-AA-000-0000","Site"
"SITE6384","invid","SITE6384","Site"
"SITE6384","InvestigatorFirstName","John","Site"
"SITE6384","InvestigatorLastName","Doe","Site"
"SITE6384","site_status","Active","Site"
"SITE6384","site_active_dt","2012-02-01","Site"
"SITE6384","City","Milton Keynes","Site"
"SITE6384","State","Buckinghamshire","Site"
"SITE6384","Country","UK","Site"
"SITE8420","studyid","AA-AA-000-0000","Site"
"SITE8420","invid","SITE8420","Site"
"SITE8420","InvestigatorFirstName","John","Site"
"SITE8420","InvestigatorLastName","Deer","Site"
"SITE8420","site_status","Active","Site"
"SITE8420","site_active_dt","2012-02-01","Site"
"SITE8420","City","Newtown Square","Site"
"SITE8420","State","PA","Site"
"SITE8420","Country","US","Site"
"SITE2883","studyid","AA-AA-000-0000","Site"
"SITE2883","invid","SITE2883","Site"
"SITE2883","InvestigatorFirstName","John","Site"
"SITE2883","InvestigatorLastName","Doe","Site"
"SITE2883","site_status","Active","Site"
"SITE2883","site_active_dt","2012-02-01","Site"
"SITE2883","City","Tokyo","Site"
"SITE2883","State","Kanto","Site"
"SITE2883","Country","Japan","Site"
"SITE2986","studyid","AA-AA-000-0000","Site"
"SITE2986","invid","SITE2986","Site"
"SITE2986","InvestigatorFirstName","Joanne","Site"
"SITE2986","InvestigatorLastName","Smith","Site"
"SITE2986","site_status","Active","Site"
"SITE2986","site_active_dt","2012-02-01","Site"
"SITE2986","City","Foster City","Site"
"SITE2986","State","CA","Site"
"SITE2986","Country","US","Site"
"SITE4754","studyid","AA-AA-000-0000","Site"
"SITE4754","invid","SITE4754","Site"
"SITE4754","InvestigatorFirstName","Fred","Site"
"SITE4754","InvestigatorLastName","Doe","Site"
"SITE4754","site_status","Active","Site"
"SITE4754","site_active_dt","2012-02-01","Site"
"SITE4754","City","Newtown Square","Site"
"SITE4754","State","PA","Site"
"SITE4754","Country","US","Site"
"SITE7208","studyid","AA-AA-000-0000","Site"
"SITE7208","invid","SITE7208","Site"
"SITE7208","InvestigatorFirstName","Joanne","Site"
"SITE7208","InvestigatorLastName","Smith","Site"
"SITE7208","site_status","Active","Site"
"SITE7208","site_active_dt","2012-02-01","Site"
"SITE7208","City","Newtown Square","Site"
"SITE7208","State","PA","Site"
"SITE7208","Country","US","Site"
"SITE5425","studyid","AA-AA-000-0000","Site"
"SITE5425","invid","SITE5425","Site"
"SITE5425","InvestigatorFirstName","Fred","Site"
"SITE5425","InvestigatorLastName","Smith","Site"
"SITE5425","site_status","Active","Site"
"SITE5425","site_active_dt","2012-02-01","Site"
"SITE5425","City","London","Site"
"SITE5425","State","Greater London","Site"
"SITE5425","Country","UK","Site"
"SITE4976","studyid","AA-AA-000-0000","Site"
"SITE4976","invid","SITE4976","Site"
"SITE4976","InvestigatorFirstName","John","Site"
"SITE4976","InvestigatorLastName","Deer","Site"
"SITE4976","site_status","Active","Site"
"SITE4976","site_active_dt","2012-02-01","Site"
"SITE4976","City","London","Site"
"SITE4976","State","Greater London","Site"
"SITE4976","Country","UK","Site"
"SITE9661","studyid","AA-AA-000-0000","Site"
"SITE9661","invid","SITE9661","Site"
"SITE9661","InvestigatorFirstName","Joanne","Site"
"SITE9661","InvestigatorLastName","Smith","Site"
"SITE9661","site_status","Active","Site"
"SITE9661","site_active_dt","2012-02-01","Site"
"SITE9661","City","London","Site"
"SITE9661","State","Greater London","Site"
"SITE9661","Country","UK","Site"
"SITE8210","studyid","AA-AA-000-0000","Site"
"SITE8210","invid","SITE8210","Site"
"SITE8210","InvestigatorFirstName","John","Site"
"SITE8210","InvestigatorLastName","Smith","Site"
"SITE8210","site_status","Active","Site"
"SITE8210","site_active_dt","2012-02-01","Site"
"SITE8210","City","Newtown Square","Site"
"SITE8210","State","PA","Site"
"SITE8210","Country","US","Site"
"SITE7184","studyid","AA-AA-000-0000","Site"
"SITE7184","invid","SITE7184","Site"
"SITE7184","InvestigatorFirstName","Fred","Site"
"SITE7184","InvestigatorLastName","Smith","Site"
"SITE7184","site_status","Active","Site"
"SITE7184","site_active_dt","2012-02-01","Site"
"SITE7184","City","Foster City","Site"
"SITE7184","State","CA","Site"
"SITE7184","Country","US","Site"
"SITE4260","studyid","AA-AA-000-0000","Site"
"SITE4260","invid","SITE4260","Site"
"SITE4260","InvestigatorFirstName","Fred","Site"
"SITE4260","InvestigatorLastName","Doe","Site"
"SITE4260","site_status","Active","Site"
"SITE4260","site_active_dt","2012-02-01","Site"
"SITE4260","City","Newtown Square","Site"
"SITE4260","State","PA","Site"
"SITE4260","Country","US","Site"
"SITE216","studyid","AA-AA-000-0000","Site"
"SITE216","invid","SITE216","Site"
"SITE216","InvestigatorFirstName","Fred","Site"
"SITE216","InvestigatorLastName","Deer","Site"
"SITE216","site_status","Active","Site"
"SITE216","site_active_dt","2012-02-01","Site"
"SITE216","City","Newtown Square","Site"
"SITE216","State","PA","Site"
"SITE216","Country","US","Site"
"SITE9414","studyid","AA-AA-000-0000","Site"
"SITE9414","invid","SITE9414","Site"
"SITE9414","InvestigatorFirstName","Fred","Site"
"SITE9414","InvestigatorLastName","Deer","Site"
"SITE9414","site_status","Active","Site"
"SITE9414","site_active_dt","2012-02-01","Site"
"SITE9414","City","London","Site"
"SITE9414","State","Greater London","Site"
"SITE9414","Country","UK","Site"
"SITE1786","studyid","AA-AA-000-0000","Site"
"SITE1786","invid","SITE1786","Site"
"SITE1786","InvestigatorFirstName","John","Site"
"SITE1786","InvestigatorLastName","Smith","Site"
"SITE1786","site_status","Active","Site"
"SITE1786","site_active_dt","2012-02-01","Site"
"SITE1786","City","Tokyo","Site"
"SITE1786","State","Kanto","Site"
"SITE1786","Country","Japan","Site"
"SITE3871","studyid","AA-AA-000-0000","Site"
"SITE3871","invid","SITE3871","Site"
"SITE3871","InvestigatorFirstName","Joanne","Site"
"SITE3871","InvestigatorLastName","Deer","Site"
"SITE3871","site_status","Active","Site"
"SITE3871","site_active_dt","2012-02-01","Site"
"SITE3871","City","London","Site"
"SITE3871","State","Greater London","Site"
"SITE3871","Country","UK","Site"
"SITE8857","studyid","AA-AA-000-0000","Site"
"SITE8857","invid","SITE8857","Site"
"SITE8857","InvestigatorFirstName","Joanne","Site"
"SITE8857","InvestigatorLastName","Smith","Site"
"SITE8857","site_status","Active","Site"
"SITE8857","site_active_dt","2012-02-01","Site"
"SITE8857","City","London","Site"
"SITE8857","State","Greater London","Site"
"SITE8857","Country","UK","Site"
"SITE404","studyid","AA-AA-000-0000","Site"
"SITE404","invid","SITE404","Site"
"SITE404","InvestigatorFirstName","John","Site"
"SITE404","InvestigatorLastName","Smith","Site"
"SITE404","site_status","Active","Site"
"SITE404","site_active_dt","2012-02-01","Site"
"SITE404","City","Foster City","Site"
"SITE404","State","CA","Site"
"SITE404","Country","US","Site"
"SITE4072","studyid","AA-AA-000-0000","Site"
"SITE4072","invid","SITE4072","Site"
"SITE4072","InvestigatorFirstName","John","Site"
"SITE4072","InvestigatorLastName","Doe","Site"
"SITE4072","site_status","Active","Site"
"SITE4072","site_active_dt","2012-02-01","Site"
"SITE4072","City","Tokyo","Site"
"SITE4072","State","Kanto","Site"
"SITE4072","Country","Japan","Site"
"SITE3081","studyid","AA-AA-000-0000","Site"
"SITE3081","invid","SITE3081","Site"
"SITE3081","InvestigatorFirstName","John","Site"
"SITE3081","InvestigatorLastName","Doe","Site"
"SITE3081","site_status","Active","Site"
"SITE3081","site_active_dt","2012-02-01","Site"
"SITE3081","City","Tokyo","Site"
"SITE3081","State","Kanto","Site"
"SITE3081","Country","Japan","Site"
"SITE3719","studyid","AA-AA-000-0000","Site"
"SITE3719","invid","SITE3719","Site"
"SITE3719","InvestigatorFirstName","Joanne","Site"
"SITE3719","InvestigatorLastName","Smith","Site"
"SITE3719","site_status","Active","Site"
"SITE3719","site_active_dt","2012-02-01","Site"
"SITE3719","City","Kumamoto","Site"
"SITE3719","State","Kumamoto Prefecture","Site"
"SITE3719","Country","Japan","Site"
"SITE7604","studyid","AA-AA-000-0000","Site"
"SITE7604","invid","SITE7604","Site"
"SITE7604","InvestigatorFirstName","John","Site"
"SITE7604","InvestigatorLastName","Deer","Site"
"SITE7604","site_status","Active","Site"
"SITE7604","site_active_dt","2012-02-01","Site"
"SITE7604","City","Foster City","Site"
"SITE7604","State","CA","Site"
"SITE7604","Country","US","Site"
"SITE1748","studyid","AA-AA-000-0000","Site"
"SITE1748","invid","SITE1748","Site"
"SITE1748","InvestigatorFirstName","John","Site"
"SITE1748","InvestigatorLastName","Doe","Site"
"SITE1748","site_status","Active","Site"
"SITE1748","site_active_dt","2012-02-01","Site"
"SITE1748","City","Kumamoto","Site"
"SITE1748","State","Kumamoto Prefecture","Site"
"SITE1748","Country","Japan","Site"
"SITE6832","studyid","AA-AA-000-0000","Site"
"SITE6832","invid","SITE6832","Site"
"SITE6832","InvestigatorFirstName","Joanne","Site"
"SITE6832","InvestigatorLastName","Doe","Site"
"SITE6832","site_status","Active","Site"
"SITE6832","site_active_dt","2012-02-01","Site"
"SITE6832","City","Kumamoto","Site"
"SITE6832","State","Kumamoto Prefecture","Site"
"SITE6832","Country","Japan","Site"
"SITE1102","studyid","AA-AA-000-0000","Site"
"SITE1102","invid","SITE1102","Site"
"SITE1102","InvestigatorFirstName","Fred","Site"
"SITE1102","InvestigatorLastName","Smith","Site"
"SITE1102","site_status","Active","Site"
"SITE1102","site_active_dt","2012-02-01","Site"
"SITE1102","City","Milton Keynes","Site"
"SITE1102","State","Buckinghamshire","Site"
"SITE1102","Country","UK","Site"
"SITE6410","studyid","AA-AA-000-0000","Site"
"SITE6410","invid","SITE6410","Site"
"SITE6410","InvestigatorFirstName","Joanne","Site"
"SITE6410","InvestigatorLastName","Deer","Site"
"SITE6410","site_status","Active","Site"
"SITE6410","site_active_dt","2012-02-01","Site"
"SITE6410","City","Newtown Square","Site"
"SITE6410","State","PA","Site"
"SITE6410","Country","US","Site"
"SITE9082","studyid","AA-AA-000-0000","Site"
"SITE9082","invid","SITE9082","Site"
"SITE9082","InvestigatorFirstName","Joanne","Site"
"SITE9082","InvestigatorLastName","Doe","Site"
"SITE9082","site_status","Active","Site"
"SITE9082","site_active_dt","2012-02-01","Site"
"SITE9082","City","Foster City","Site"
"SITE9082","State","CA","Site"
"SITE9082","Country","US","Site"
"SITE3319","studyid","AA-AA-000-0000","Site"
"SITE3319","invid","SITE3319","Site"
"SITE3319","InvestigatorFirstName","Fred","Site"
"SITE3319","InvestigatorLastName","Smith","Site"
"SITE3319","site_status","Active","Site"
"SITE3319","site_active_dt","2012-02-01","Site"
"SITE3319","City","Kumamoto","Site"
"SITE3319","State","Kumamoto Prefecture","Site"
"SITE3319","Country","Japan","Site"
"SITE3938","studyid","AA-AA-000-0000","Site"
"SITE3938","invid","SITE3938","Site"
"SITE3938","InvestigatorFirstName","Fred","Site"
"SITE3938","InvestigatorLastName","Smith","Site"
"SITE3938","site_status","Active","Site"
"SITE3938","site_active_dt","2012-02-01","Site"
"SITE3938","City","Foster City","Site"
"SITE3938","State","CA","Site"
"SITE3938","Country","US","Site"
"SITE9147","studyid","AA-AA-000-0000","Site"
"SITE9147","invid","SITE9147","Site"
"SITE9147","InvestigatorFirstName","Fred","Site"
"SITE9147","InvestigatorLastName","Doe","Site"
"SITE9147","site_status","Active","Site"
"SITE9147","site_active_dt","2012-02-01","Site"
"SITE9147","City","Tokyo","Site"
"SITE9147","State","Kanto","Site"
"SITE9147","Country","Japan","Site"
"SITE4314","studyid","AA-AA-000-0000","Site"
"SITE4314","invid","SITE4314","Site"
"SITE4314","InvestigatorFirstName","Joanne","Site"
"SITE4314","InvestigatorLastName","Smith","Site"
"SITE4314","site_status","Active","Site"
"SITE4314","site_active_dt","2012-02-01","Site"
"SITE4314","City","Milton Keynes","Site"
"SITE4314","State","Buckinghamshire","Site"
"SITE4314","Country","UK","Site"
"SITE3754","studyid","AA-AA-000-0000","Site"
"SITE3754","invid","SITE3754","Site"
"SITE3754","InvestigatorFirstName","Joanne","Site"
"SITE3754","InvestigatorLastName","Deer","Site"
"SITE3754","site_status","Active","Site"
"SITE3754","site_active_dt","2012-02-01","Site"
"SITE3754","City","Foster City","Site"
"SITE3754","State","CA","Site"
"SITE3754","Country","US","Site"
"SITE5289","studyid","AA-AA-000-0000","Site"
"SITE5289","invid","SITE5289","Site"
"SITE5289","InvestigatorFirstName","Joanne","Site"
"SITE5289","InvestigatorLastName","Doe","Site"
"SITE5289","site_status","Active","Site"
"SITE5289","site_active_dt","2012-02-01","Site"
"SITE5289","City","Newtown Square","Site"
"SITE5289","State","PA","Site"
"SITE5289","Country","US","Site"
"SITE5062","studyid","AA-AA-000-0000","Site"
"SITE5062","invid","SITE5062","Site"
"SITE5062","InvestigatorFirstName","Joanne","Site"
"SITE5062","InvestigatorLastName","Smith","Site"
"SITE5062","site_status","Active","Site"
"SITE5062","site_active_dt","2012-02-01","Site"
"SITE5062","City","Foster City","Site"
"SITE5062","State","CA","Site"
"SITE5062","Country","US","Site"
"SITE9604","studyid","AA-AA-000-0000","Site"
"SITE9604","invid","SITE9604","Site"
"SITE9604","InvestigatorFirstName","Fred","Site"
"SITE9604","InvestigatorLastName","Smith","Site"
"SITE9604","site_status","Active","Site"
"SITE9604","site_active_dt","2012-02-01","Site"
"SITE9604","City","Milton Keynes","Site"
"SITE9604","State","Buckinghamshire","Site"
"SITE9604","Country","UK","Site"
"SITE2980","studyid","AA-AA-000-0000","Site"
"SITE2980","invid","SITE2980","Site"
"SITE2980","InvestigatorFirstName","Joanne","Site"
"SITE2980","InvestigatorLastName","Smith","Site"
"SITE2980","site_status","Active","Site"
"SITE2980","site_active_dt","2012-02-01","Site"
"SITE2980","City","Milton Keynes","Site"
"SITE2980","State","Buckinghamshire","Site"
"SITE2980","Country","UK","Site"
"SITE3068","studyid","AA-AA-000-0000","Site"
"SITE3068","invid","SITE3068","Site"
"SITE3068","InvestigatorFirstName","Joanne","Site"
"SITE3068","InvestigatorLastName","Deer","Site"
"SITE3068","site_status","Active","Site"
"SITE3068","site_active_dt","2012-02-01","Site"
"SITE3068","City","Kumamoto","Site"
"SITE3068","State","Kumamoto Prefecture","Site"
"SITE3068","Country","Japan","Site"
"SITE1727","studyid","AA-AA-000-0000","Site"
"SITE1727","invid","SITE1727","Site"
"SITE1727","InvestigatorFirstName","Fred","Site"
"SITE1727","InvestigatorLastName","Smith","Site"
"SITE1727","site_status","Active","Site"
"SITE1727","site_active_dt","2012-02-01","Site"
"SITE1727","City","London","Site"
"SITE1727","State","Greater London","Site"
"SITE1727","Country","UK","Site"
"SITE7096","studyid","AA-AA-000-0000","Site"
"SITE7096","invid","SITE7096","Site"
"SITE7096","InvestigatorFirstName","Joanne","Site"
"SITE7096","InvestigatorLastName","Doe","Site"
"SITE7096","site_status","Active","Site"
"SITE7096","site_active_dt","2012-02-01","Site"
"SITE7096","City","London","Site"
"SITE7096","State","Greater London","Site"
"SITE7096","Country","UK","Site"
"SITE8835","studyid","AA-AA-000-0000","Site"
"SITE8835","invid","SITE8835","Site"
"SITE8835","InvestigatorFirstName","John","Site"
"SITE8835","InvestigatorLastName","Smith","Site"
"SITE8835","site_status","Active","Site"
"SITE8835","site_active_dt","2012-02-01","Site"
"SITE8835","City","Foster City","Site"
"SITE8835","State","CA","Site"
"SITE8835","Country","US","Site"
"SITE2373","studyid","AA-AA-000-0000","Site"
"SITE2373","invid","SITE2373","Site"
"SITE2373","InvestigatorFirstName","John","Site"
"SITE2373","InvestigatorLastName","Doe","Site"
"SITE2373","site_status","Active","Site"
"SITE2373","site_active_dt","2012-02-01","Site"
"SITE2373","City","London","Site"
"SITE2373","State","Greater London","Site"
"SITE2373","Country","UK","Site"
"SITE1544","studyid","AA-AA-000-0000","Site"
"SITE1544","invid","SITE1544","Site"
"SITE1544","InvestigatorFirstName","John","Site"
"SITE1544","InvestigatorLastName","Doe","Site"
"SITE1544","site_status","Active","Site"
"SITE1544","site_active_dt","2012-02-01","Site"
"SITE1544","City","Tokyo","Site"
"SITE1544","State","Kanto","Site"
"SITE1544","Country","Japan","Site"
"SITE3415","studyid","AA-AA-000-0000","Site"
"SITE3415","invid","SITE3415","Site"
"SITE3415","InvestigatorFirstName","Fred","Site"
"SITE3415","InvestigatorLastName","Deer","Site"
"SITE3415","site_status","Active","Site"
"SITE3415","site_active_dt","2012-02-01","Site"
"SITE3415","City","Foster City","Site"
"SITE3415","State","CA","Site"
"SITE3415","Country","US","Site"
"SITE3839","studyid","AA-AA-000-0000","Site"
"SITE3839","invid","SITE3839","Site"
"SITE3839","InvestigatorFirstName","Fred","Site"
"SITE3839","InvestigatorLastName","Deer","Site"
"SITE3839","site_status","Active","Site"
"SITE3839","site_active_dt","2012-03-01","Site"
"SITE3839","City","Milton Keynes","Site"
"SITE3839","State","Buckinghamshire","Site"
"SITE3839","Country","UK","Site"
"SITE6991","studyid","AA-AA-000-0000","Site"
"SITE6991","invid","SITE6991","Site"
"SITE6991","InvestigatorFirstName","Joanne","Site"
"SITE6991","InvestigatorLastName","Smith","Site"
"SITE6991","site_status","Active","Site"
"SITE6991","site_active_dt","2012-03-01","Site"
"SITE6991","City","Newtown Square","Site"
"SITE6991","State","PA","Site"
"SITE6991","Country","US","Site"
"SITE022","studyid","AA-AA-000-0000","Site"
"SITE022","invid","SITE022","Site"
"SITE022","InvestigatorFirstName","John","Site"
"SITE022","InvestigatorLastName","Doe","Site"
"SITE022","site_status","Active","Site"
"SITE022","site_active_dt","2012-03-01","Site"
"SITE022","City","Newtown Square","Site"
"SITE022","State","PA","Site"
"SITE022","Country","US","Site"
"SITE7838","studyid","AA-AA-000-0000","Site"
"SITE7838","invid","SITE7838","Site"
"SITE7838","InvestigatorFirstName","Fred","Site"
"SITE7838","InvestigatorLastName","Deer","Site"
"SITE7838","site_status","Active","Site"
"SITE7838","site_active_dt","2012-03-01","Site"
"SITE7838","City","London","Site"
"SITE7838","State","Greater London","Site"
"SITE7838","Country","UK","Site"
"SITE8627","studyid","AA-AA-000-0000","Site"
"SITE8627","invid","SITE8627","Site"
"SITE8627","InvestigatorFirstName","John","Site"
"SITE8627","InvestigatorLastName","Smith","Site"
"SITE8627","site_status","Active","Site"
"SITE8627","site_active_dt","2012-03-01","Site"
"SITE8627","City","Newtown Square","Site"
"SITE8627","State","PA","Site"
"SITE8627","Country","US","Site"
"SITE9395","studyid","AA-AA-000-0000","Site"
"SITE9395","invid","SITE9395","Site"
"SITE9395","InvestigatorFirstName","Joanne","Site"
"SITE9395","InvestigatorLastName","Doe","Site"
"SITE9395","site_status","Active","Site"
"SITE9395","site_active_dt","2012-03-01","Site"
"SITE9395","City","Foster City","Site"
"SITE9395","State","CA","Site"
"SITE9395","Country","US","Site"
"SITE9884","studyid","AA-AA-000-0000","Site"
"SITE9884","invid","SITE9884","Site"
"SITE9884","InvestigatorFirstName","Fred","Site"
"SITE9884","InvestigatorLastName","Deer","Site"
"SITE9884","site_status","Active","Site"
"SITE9884","site_active_dt","2012-03-01","Site"
"SITE9884","City","London","Site"
"SITE9884","State","Greater London","Site"
"SITE9884","Country","UK","Site"
"SITE8361","studyid","AA-AA-000-0000","Site"
"SITE8361","invid","SITE8361","Site"
"SITE8361","InvestigatorFirstName","Joanne","Site"
"SITE8361","InvestigatorLastName","Smith","Site"
"SITE8361","site_status","Active","Site"
"SITE8361","site_active_dt","2012-03-01","Site"
"SITE8361","City","London","Site"
"SITE8361","State","Greater London","Site"
"SITE8361","Country","UK","Site"
"SITE4543","studyid","AA-AA-000-0000","Site"
"SITE4543","invid","SITE4543","Site"
"SITE4543","InvestigatorFirstName","John","Site"
"SITE4543","InvestigatorLastName","Deer","Site"
"SITE4543","site_status","Active","Site"
"SITE4543","site_active_dt","2012-03-01","Site"
"SITE4543","City","Kumamoto","Site"
"SITE4543","State","Kumamoto Prefecture","Site"
"SITE4543","Country","Japan","Site"
"SITE2894","studyid","AA-AA-000-0000","Site"
"SITE2894","invid","SITE2894","Site"
"SITE2894","InvestigatorFirstName","Fred","Site"
"SITE2894","InvestigatorLastName","Doe","Site"
"SITE2894","site_status","Active","Site"
"SITE2894","site_active_dt","2012-03-01","Site"
"SITE2894","City","Foster City","Site"
"SITE2894","State","CA","Site"
"SITE2894","Country","US","Site"
"SITE6440","studyid","AA-AA-000-0000","Site"
"SITE6440","invid","SITE6440","Site"
"SITE6440","InvestigatorFirstName","Joanne","Site"
"SITE6440","InvestigatorLastName","Smith","Site"
"SITE6440","site_status","Active","Site"
"SITE6440","site_active_dt","2012-03-01","Site"
"SITE6440","City","Foster City","Site"
"SITE6440","State","CA","Site"
"SITE6440","Country","US","Site"
"SITE8084","studyid","AA-AA-000-0000","Site"
"SITE8084","invid","SITE8084","Site"
"SITE8084","InvestigatorFirstName","John","Site"
"SITE8084","InvestigatorLastName","Doe","Site"
"SITE8084","site_status","Active","Site"
"SITE8084","site_active_dt","2012-03-01","Site"
"SITE8084","City","London","Site"
"SITE8084","State","Greater London","Site"
"SITE8084","Country","UK","Site"
"SITE5611","studyid","AA-AA-000-0000","Site"
"SITE5611","invid","SITE5611","Site"
"SITE5611","InvestigatorFirstName","Joanne","Site"
"SITE5611","InvestigatorLastName","Doe","Site"
"SITE5611","site_status","Active","Site"
"SITE5611","site_active_dt","2012-03-01","Site"
"SITE5611","City","Newtown Square","Site"
"SITE5611","State","PA","Site"
"SITE5611","Country","US","Site"
"SITE2030","studyid","AA-AA-000-0000","Site"
"SITE2030","invid","SITE2030","Site"
"SITE2030","InvestigatorFirstName","Joanne","Site"
"SITE2030","InvestigatorLastName","Deer","Site"
"SITE2030","site_status","Active","Site"
"SITE2030","site_active_dt","2012-03-01","Site"
"SITE2030","City","Tokyo","Site"
"SITE2030","State","Kanto","Site"
"SITE2030","Country","Japan","Site"
"SITE3077","studyid","AA-AA-000-0000","Site"
"SITE3077","invid","SITE3077","Site"
"SITE3077","InvestigatorFirstName","Fred","Site"
"SITE3077","InvestigatorLastName","Deer","Site"
"SITE3077","site_status","Active","Site"
"SITE3077","site_active_dt","2012-03-01","Site"
"SITE3077","City","Milton Keynes","Site"
"SITE3077","State","Buckinghamshire","Site"
"SITE3077","Country","UK","Site"
"SITE4612","studyid","AA-AA-000-0000","Site"
"SITE4612","invid","SITE4612","Site"
"SITE4612","InvestigatorFirstName","Joanne","Site"
"SITE4612","InvestigatorLastName","Smith","Site"
"SITE4612","site_status","Active","Site"
"SITE4612","site_active_dt","2012-03-01","Site"
"SITE4612","City","Foster City","Site"
"SITE4612","State","CA","Site"
"SITE4612","Country","US","Site"
"SITE4275","studyid","AA-AA-000-0000","Site"
"SITE4275","invid","SITE4275","Site"
"SITE4275","InvestigatorFirstName","John","Site"
"SITE4275","InvestigatorLastName","Deer","Site"
"SITE4275","site_status","Active","Site"
"SITE4275","site_active_dt","2012-03-01","Site"
"SITE4275","City","Kumamoto","Site"
"SITE4275","State","Kumamoto Prefecture","Site"
"SITE4275","Country","Japan","Site"
"SITE4155","studyid","AA-AA-000-0000","Site"
"SITE4155","invid","SITE4155","Site"
"SITE4155","InvestigatorFirstName","Joanne","Site"
"SITE4155","InvestigatorLastName","Doe","Site"
"SITE4155","site_status","Active","Site"
"SITE4155","site_active_dt","2012-03-01","Site"
"SITE4155","City","Milton Keynes","Site"
"SITE4155","State","Buckinghamshire","Site"
"SITE4155","Country","UK","Site"
"SITE6068","studyid","AA-AA-000-0000","Site"
"SITE6068","invid","SITE6068","Site"
"SITE6068","InvestigatorFirstName","Fred","Site"
"SITE6068","InvestigatorLastName","Doe","Site"
"SITE6068","site_status","Active","Site"
"SITE6068","site_active_dt","2012-03-01","Site"
"SITE6068","City","Kumamoto","Site"
"SITE6068","State","Kumamoto Prefecture","Site"
"SITE6068","Country","Japan","Site"
"SITE1841","studyid","AA-AA-000-0000","Site"
"SITE1841","invid","SITE1841","Site"
"SITE1841","InvestigatorFirstName","Joanne","Site"
"SITE1841","InvestigatorLastName","Doe","Site"
"SITE1841","site_status","Active","Site"
"SITE1841","site_active_dt","2012-03-01","Site"
"SITE1841","City","Tokyo","Site"
"SITE1841","State","Kanto","Site"
"SITE1841","Country","Japan","Site"
"SITE7246","studyid","AA-AA-000-0000","Site"
"SITE7246","invid","SITE7246","Site"
"SITE7246","InvestigatorFirstName","Fred","Site"
"SITE7246","InvestigatorLastName","Doe","Site"
"SITE7246","site_status","Active","Site"
"SITE7246","site_active_dt","2012-03-01","Site"
"SITE7246","City","London","Site"
"SITE7246","State","Greater London","Site"
"SITE7246","Country","UK","Site"
"SITE7913","studyid","AA-AA-000-0000","Site"
"SITE7913","invid","SITE7913","Site"
"SITE7913","InvestigatorFirstName","John","Site"
"SITE7913","InvestigatorLastName","Doe","Site"
"SITE7913","site_status","Active","Site"
"SITE7913","site_active_dt","2012-03-01","Site"
"SITE7913","City","Newtown Square","Site"
"SITE7913","State","PA","Site"
"SITE7913","Country","US","Site"
"SITE4597","studyid","AA-AA-000-0000","Site"
"SITE4597","invid","SITE4597","Site"
"SITE4597","InvestigatorFirstName","Fred","Site"
"SITE4597","InvestigatorLastName","Deer","Site"
"SITE4597","site_status","Active","Site"
"SITE4597","site_active_dt","2012-03-01","Site"
"SITE4597","City","Tokyo","Site"
"SITE4597","State","Kanto","Site"
"SITE4597","Country","Japan","Site"
"SITE4703","studyid","AA-AA-000-0000","Site"
"SITE4703","invid","SITE4703","Site"
"SITE4703","InvestigatorFirstName","John","Site"
"SITE4703","InvestigatorLastName","Smith","Site"
"SITE4703","site_status","Active","Site"
"SITE4703","site_active_dt","2012-03-01","Site"
"SITE4703","City","Kumamoto","Site"
"SITE4703","State","Kumamoto Prefecture","Site"
"SITE4703","Country","Japan","Site"
"SITE6184","studyid","AA-AA-000-0000","Site"
"SITE6184","invid","SITE6184","Site"
"SITE6184","InvestigatorFirstName","Joanne","Site"
"SITE6184","InvestigatorLastName","Deer","Site"
"SITE6184","site_status","Active","Site"
"SITE6184","site_active_dt","2012-03-01","Site"
"SITE6184","City","Milton Keynes","Site"
"SITE6184","State","Buckinghamshire","Site"
"SITE6184","Country","UK","Site"
"SITE1935","studyid","AA-AA-000-0000","Site"
"SITE1935","invid","SITE1935","Site"
"SITE1935","InvestigatorFirstName","Joanne","Site"
"SITE1935","InvestigatorLastName","Doe","Site"
"SITE1935","site_status","Active","Site"
"SITE1935","site_active_dt","2012-03-01","Site"
"SITE1935","City","Tokyo","Site"
"SITE1935","State","Kanto","Site"
"SITE1935","Country","Japan","Site"
"SITE6155","studyid","AA-AA-000-0000","Site"
"SITE6155","invid","SITE6155","Site"
"SITE6155","InvestigatorFirstName","Fred","Site"
"SITE6155","InvestigatorLastName","Doe","Site"
"SITE6155","site_status","Active","Site"
"SITE6155","site_active_dt","2012-03-01","Site"
"SITE6155","City","Milton Keynes","Site"
"SITE6155","State","Buckinghamshire","Site"
"SITE6155","Country","UK","Site"
"SITE9766","studyid","AA-AA-000-0000","Site"
"SITE9766","invid","SITE9766","Site"
"SITE9766","InvestigatorFirstName","Fred","Site"
"SITE9766","InvestigatorLastName","Smith","Site"
"SITE9766","site_status","Active","Site"
"SITE9766","site_active_dt","2012-03-01","Site"
"SITE9766","City","Tokyo","Site"
"SITE9766","State","Kanto","Site"
"SITE9766","Country","Japan","Site"
"SITE7860","studyid","AA-AA-000-0000","Site"
"SITE7860","invid","SITE7860","Site"
"SITE7860","InvestigatorFirstName","John","Site"
"SITE7860","InvestigatorLastName","Smith","Site"
"SITE7860","site_status","Active","Site"
"SITE7860","site_active_dt","2012-03-01","Site"
"SITE7860","City","Newtown Square","Site"
"SITE7860","State","PA","Site"
"SITE7860","Country","US","Site"
"SITE9418","studyid","AA-AA-000-0000","Site"
"SITE9418","invid","SITE9418","Site"
"SITE9418","InvestigatorFirstName","John","Site"
"SITE9418","InvestigatorLastName","Deer","Site"
"SITE9418","site_status","Active","Site"
"SITE9418","site_active_dt","2012-03-01","Site"
"SITE9418","City","Milton Keynes","Site"
"SITE9418","State","Buckinghamshire","Site"
"SITE9418","Country","UK","Site"
"SITE2657","studyid","AA-AA-000-0000","Site"
"SITE2657","invid","SITE2657","Site"
"SITE2657","InvestigatorFirstName","John","Site"
"SITE2657","InvestigatorLastName","Deer","Site"
"SITE2657","site_status","Active","Site"
"SITE2657","site_active_dt","2012-03-01","Site"
"SITE2657","City","London","Site"
"SITE2657","State","Greater London","Site"
"SITE2657","Country","UK","Site"
"SITE3353","studyid","AA-AA-000-0000","Site"
"SITE3353","invid","SITE3353","Site"
"SITE3353","InvestigatorFirstName","Fred","Site"
"SITE3353","InvestigatorLastName","Smith","Site"
"SITE3353","site_status","Active","Site"
"SITE3353","site_active_dt","2012-03-01","Site"
"SITE3353","City","Foster City","Site"
"SITE3353","State","CA","Site"
"SITE3353","Country","US","Site"
"SITE2062","studyid","AA-AA-000-0000","Site"
"SITE2062","invid","SITE2062","Site"
"SITE2062","InvestigatorFirstName","John","Site"
"SITE2062","InvestigatorLastName","Deer","Site"
"SITE2062","site_status","Active","Site"
"SITE2062","site_active_dt","2012-03-01","Site"
"SITE2062","City","Kumamoto","Site"
"SITE2062","State","Kumamoto Prefecture","Site"
"SITE2062","Country","Japan","Site"
"SITE4028","studyid","AA-AA-000-0000","Site"
"SITE4028","invid","SITE4028","Site"
"SITE4028","InvestigatorFirstName","Fred","Site"
"SITE4028","InvestigatorLastName","Smith","Site"
"SITE4028","site_status","Active","Site"
"SITE4028","site_active_dt","2012-03-01","Site"
"SITE4028","City","Kumamoto","Site"
"SITE4028","State","Kumamoto Prefecture","Site"
"SITE4028","Country","Japan","Site"
"SITE1934","studyid","AA-AA-000-0000","Site"
"SITE1934","invid","SITE1934","Site"
"SITE1934","InvestigatorFirstName","John","Site"
"SITE1934","InvestigatorLastName","Smith","Site"
"SITE1934","site_status","Active","Site"
"SITE1934","site_active_dt","2012-03-01","Site"
"SITE1934","City","Tokyo","Site"
"SITE1934","State","Kanto","Site"
"SITE1934","Country","Japan","Site"
"SITE9516","studyid","AA-AA-000-0000","Site"
"SITE9516","invid","SITE9516","Site"
"SITE9516","InvestigatorFirstName","Fred","Site"
"SITE9516","InvestigatorLastName","Doe","Site"
"SITE9516","site_status","Active","Site"
"SITE9516","site_active_dt","2012-03-01","Site"
"SITE9516","City","London","Site"
"SITE9516","State","Greater London","Site"
"SITE9516","Country","UK","Site"
"SITE6123","studyid","AA-AA-000-0000","Site"
"SITE6123","invid","SITE6123","Site"
"SITE6123","InvestigatorFirstName","Fred","Site"
"SITE6123","InvestigatorLastName","Deer","Site"
"SITE6123","site_status","Active","Site"
"SITE6123","site_active_dt","2012-03-01","Site"
"SITE6123","City","Newtown Square","Site"
"SITE6123","State","PA","Site"
"SITE6123","Country","US","Site"
"SITE4424","studyid","AA-AA-000-0000","Site"
"SITE4424","invid","SITE4424","Site"
"SITE4424","InvestigatorFirstName","Fred","Site"
"SITE4424","InvestigatorLastName","Smith","Site"
"SITE4424","site_status","Active","Site"
"SITE4424","site_active_dt","2012-03-01","Site"
"SITE4424","City","London","Site"
"SITE4424","State","Greater London","Site"
"SITE4424","Country","UK","Site"
"SITE4875","studyid","AA-AA-000-0000","Site"
"SITE4875","invid","SITE4875","Site"
"SITE4875","InvestigatorFirstName","Fred","Site"
"SITE4875","InvestigatorLastName","Doe","Site"
"SITE4875","site_status","Active","Site"
"SITE4875","site_active_dt","2012-03-01","Site"
"SITE4875","City","Newtown Square","Site"
"SITE4875","State","PA","Site"
"SITE4875","Country","US","Site"
"SITE5217","studyid","AA-AA-000-0000","Site"
"SITE5217","invid","SITE5217","Site"
"SITE5217","InvestigatorFirstName","Joanne","Site"
"SITE5217","InvestigatorLastName","Smith","Site"
"SITE5217","site_status","Active","Site"
"SITE5217","site_active_dt","2012-03-01","Site"
"SITE5217","City","Kumamoto","Site"
"SITE5217","State","Kumamoto Prefecture","Site"
"SITE5217","Country","Japan","Site"
"SITE3759","studyid","AA-AA-000-0000","Site"
"SITE3759","invid","SITE3759","Site"
"SITE3759","InvestigatorFirstName","John","Site"
"SITE3759","InvestigatorLastName","Doe","Site"
"SITE3759","site_status","Active","Site"
"SITE3759","site_active_dt","2012-03-01","Site"
"SITE3759","City","Milton Keynes","Site"
"SITE3759","State","Buckinghamshire","Site"
"SITE3759","Country","UK","Site"
"SITE4671","studyid","AA-AA-000-0000","Site"
"SITE4671","invid","SITE4671","Site"
"SITE4671","InvestigatorFirstName","John","Site"
"SITE4671","InvestigatorLastName","Smith","Site"
"SITE4671","site_status","Active","Site"
"SITE4671","site_active_dt","2012-03-01","Site"
"SITE4671","City","Milton Keynes","Site"
"SITE4671","State","Buckinghamshire","Site"
"SITE4671","Country","UK","Site"
"SITE7543","studyid","AA-AA-000-0000","Site"
"SITE7543","invid","SITE7543","Site"
"SITE7543","InvestigatorFirstName","John","Site"
"SITE7543","InvestigatorLastName","Smith","Site"
"SITE7543","site_status","Active","Site"
"SITE7543","site_active_dt","2012-03-01","Site"
"SITE7543","City","Kumamoto","Site"
"SITE7543","State","Kumamoto Prefecture","Site"
"SITE7543","Country","Japan","Site"
"SITE8616","studyid","AA-AA-000-0000","Site"
"SITE8616","invid","SITE8616","Site"
"SITE8616","InvestigatorFirstName","Joanne","Site"
"SITE8616","InvestigatorLastName","Smith","Site"
"SITE8616","site_status","Active","Site"
"SITE8616","site_active_dt","2012-03-01","Site"
"SITE8616","City","Newtown Square","Site"
"SITE8616","State","PA","Site"
"SITE8616","Country","US","Site"
"SITE8768","studyid","AA-AA-000-0000","Site"
"SITE8768","invid","SITE8768","Site"
"SITE8768","InvestigatorFirstName","Fred","Site"
"SITE8768","InvestigatorLastName","Deer","Site"
"SITE8768","site_status","Active","Site"
"SITE8768","site_active_dt","2012-03-01","Site"
"SITE8768","City","Foster City","Site"
"SITE8768","State","CA","Site"
"SITE8768","Country","US","Site"
"SITE5185","studyid","AA-AA-000-0000","Site"
"SITE5185","invid","SITE5185","Site"
"SITE5185","InvestigatorFirstName","Fred","Site"
"SITE5185","InvestigatorLastName","Deer","Site"
"SITE5185","site_status","Active","Site"
"SITE5185","site_active_dt","2012-03-01","Site"
"SITE5185","City","Milton Keynes","Site"
"SITE5185","State","Buckinghamshire","Site"
"SITE5185","Country","UK","Site"
"SITE8997","studyid","AA-AA-000-0000","Site"
"SITE8997","invid","SITE8997","Site"
"SITE8997","InvestigatorFirstName","Fred","Site"
"SITE8997","InvestigatorLastName","Smith","Site"
"SITE8997","site_status","Active","Site"
"SITE8997","site_active_dt","2012-03-01","Site"
"SITE8997","City","Kumamoto","Site"
"SITE8997","State","Kumamoto Prefecture","Site"
"SITE8997","Country","Japan","Site"
"SITE2923","studyid","AA-AA-000-0000","Site"
"SITE2923","invid","SITE2923","Site"
"SITE2923","InvestigatorFirstName","Fred","Site"
"SITE2923","InvestigatorLastName","Doe","Site"
"SITE2923","site_status","Active","Site"
"SITE2923","site_active_dt","2012-03-01","Site"
"SITE2923","City","Kumamoto","Site"
"SITE2923","State","Kumamoto Prefecture","Site"
"SITE2923","Country","Japan","Site"
"SITE2354","studyid","AA-AA-000-0000","Site"
"SITE2354","invid","SITE2354","Site"
"SITE2354","InvestigatorFirstName","John","Site"
"SITE2354","InvestigatorLastName","Deer","Site"
"SITE2354","site_status","Active","Site"
"SITE2354","site_active_dt","2012-03-01","Site"
"SITE2354","City","Milton Keynes","Site"
"SITE2354","State","Buckinghamshire","Site"
"SITE2354","Country","UK","Site"
"SITE1273","studyid","AA-AA-000-0000","Site"
"SITE1273","invid","SITE1273","Site"
"SITE1273","InvestigatorFirstName","Joanne","Site"
"SITE1273","InvestigatorLastName","Deer","Site"
"SITE1273","site_status","Active","Site"
"SITE1273","site_active_dt","2012-03-01","Site"
"SITE1273","City","London","Site"
"SITE1273","State","Greater London","Site"
"SITE1273","Country","UK","Site"
"SITE1233","studyid","AA-AA-000-0000","Site"
"SITE1233","invid","SITE1233","Site"
"SITE1233","InvestigatorFirstName","Joanne","Site"
"SITE1233","InvestigatorLastName","Deer","Site"
"SITE1233","site_status","Active","Site"
"SITE1233","site_active_dt","2012-03-01","Site"
"SITE1233","City","Newtown Square","Site"
"SITE1233","State","PA","Site"
"SITE1233","Country","US","Site"
"SITE4744","studyid","AA-AA-000-0000","Site"
"SITE4744","invid","SITE4744","Site"
"SITE4744","InvestigatorFirstName","Joanne","Site"
"SITE4744","InvestigatorLastName","Deer","Site"
"SITE4744","site_status","Active","Site"
"SITE4744","site_active_dt","2012-03-01","Site"
"SITE4744","City","Newtown Square","Site"
"SITE4744","State","PA","Site"
"SITE4744","Country","US","Site"
"SITE7734","studyid","AA-AA-000-0000","Site"
"SITE7734","invid","SITE7734","Site"
"SITE7734","InvestigatorFirstName","Fred","Site"
"SITE7734","InvestigatorLastName","Doe","Site"
"SITE7734","site_status","Active","Site"
"SITE7734","site_active_dt","2012-03-01","Site"
"SITE7734","City","Newtown Square","Site"
"SITE7734","State","PA","Site"
"SITE7734","Country","US","Site"
"SITE4980","studyid","AA-AA-000-0000","Site"
"SITE4980","invid","SITE4980","Site"
"SITE4980","InvestigatorFirstName","Joanne","Site"
"SITE4980","InvestigatorLastName","Deer","Site"
"SITE4980","site_status","Active","Site"
"SITE4980","site_active_dt","2012-03-01","Site"
"SITE4980","City","Newtown Square","Site"
"SITE4980","State","PA","Site"
"SITE4980","Country","US","Site"
"SITE6603","ParticipantCount","9","Site"
"SITE6603","SiteCount","1","Site"
"SITE9360","ParticipantCount","9","Site"
"SITE9360","SiteCount","1","Site"
"SITE9580","ParticipantCount","5","Site"
"SITE9580","SiteCount","1","Site"
"SITE9142","ParticipantCount","15","Site"
"SITE9142","SiteCount","1","Site"
"SITE2170","ParticipantCount","10","Site"
"SITE2170","SiteCount","1","Site"
"SITE4485","ParticipantCount","11","Site"
"SITE4485","SiteCount","1","Site"
"SITE8788","ParticipantCount","6","Site"
"SITE8788","SiteCount","1","Site"
"SITE1982","ParticipantCount","5","Site"
"SITE1982","SiteCount","1","Site"
"SITE5895","ParticipantCount","9","Site"
"SITE5895","SiteCount","1","Site"
"SITE8420","ParticipantCount","6","Site"
"SITE8420","SiteCount","1","Site"
"SITE6572","ParticipantCount","3","Site"
"SITE6572","SiteCount","1","Site"
"SITE1786","ParticipantCount","5","Site"
"SITE1786","SiteCount","1","Site"
"SITE9604","ParticipantCount","5","Site"
"SITE9604","SiteCount","1","Site"
"SITE2980","ParticipantCount","4","Site"
"SITE2980","SiteCount","1","Site"
"SITE6440","ParticipantCount","1","Site"
"SITE6440","SiteCount","1","Site"
"SITE4671","ParticipantCount","2","Site"
"SITE4671","SiteCount","1","Site"
"SITE5062","ParticipantCount","5","Site"
"SITE5062","SiteCount","1","Site"
"SITE6832","ParticipantCount","5","Site"
"SITE6832","SiteCount","1","Site"
"SITE5611","ParticipantCount","7","Site"
"SITE5611","SiteCount","1","Site"
"SITE7734","ParticipantCount","2","Site"
"SITE7734","SiteCount","1","Site"
"SITE9082","ParticipantCount","1","Site"
"SITE9082","SiteCount","1","Site"
"SITE8627","ParticipantCount","2","Site"
"SITE8627","SiteCount","1","Site"
"SITE3754","ParticipantCount","4","Site"
"SITE3754","SiteCount","1","Site"
"SITE4597","ParticipantCount","3","Site"
"SITE4597","SiteCount","1","Site"
"SITE2354","ParticipantCount","3","Site"
"SITE2354","SiteCount","1","Site"
"SITE7838","ParticipantCount","3","Site"
"SITE7838","SiteCount","1","Site"
"SITE8517","ParticipantCount","7","Site"
"SITE8517","SiteCount","1","Site"
"SITE4323","ParticipantCount","14","Site"
"SITE4323","SiteCount","1","Site"
"SITE5384","ParticipantCount","7","Site"
"SITE5384","SiteCount","1","Site"
"SITE2192","ParticipantCount","14","Site"
"SITE2192","SiteCount","1","Site"
"SITE1910","ParticipantCount","5","Site"
"SITE1910","SiteCount","1","Site"
"SITE1750","ParticipantCount","7","Site"
"SITE1750","SiteCount","1","Site"
"SITE759","ParticipantCount","6","Site"
"SITE759","SiteCount","1","Site"
"SITE3909","ParticipantCount","7","Site"
"SITE3909","SiteCount","1","Site"
"SITE8625","ParticipantCount","12","Site"
"SITE8625","SiteCount","1","Site"
"SITE2901","ParticipantCount","4","Site"
"SITE2901","SiteCount","1","Site"
"SITE4590","ParticipantCount","12","Site"
"SITE4590","SiteCount","1","Site"
"SITE3319","ParticipantCount","5","Site"
"SITE3319","SiteCount","1","Site"
"SITE5289","ParticipantCount","1","Site"
"SITE5289","SiteCount","1","Site"
"SITE4959","ParticipantCount","11","Site"
"SITE4959","SiteCount","1","Site"
"SITE8835","ParticipantCount","5","Site"
"SITE8835","SiteCount","1","Site"
"SITE6410","ParticipantCount","4","Site"
"SITE6410","SiteCount","1","Site"
"SITE1102","ParticipantCount","4","Site"
"SITE1102","SiteCount","1","Site"
"SITE2373","ParticipantCount","5","Site"
"SITE2373","SiteCount","1","Site"
"SITE1748","ParticipantCount","7","Site"
"SITE1748","SiteCount","1","Site"
"SITE7913","ParticipantCount","2","Site"
"SITE7913","SiteCount","1","Site"
"SITE9858","ParticipantCount","4","Site"
"SITE9858","SiteCount","1","Site"
"SITE7604","ParticipantCount","4","Site"
"SITE7604","SiteCount","1","Site"
"SITE7208","ParticipantCount","4","Site"
"SITE7208","SiteCount","1","Site"
"SITE6184","ParticipantCount","5","Site"
"SITE6184","SiteCount","1","Site"
"SITE8091","ParticipantCount","5","Site"
"SITE8091","SiteCount","1","Site"
"SITE2894","ParticipantCount","5","Site"
"SITE2894","SiteCount","1","Site"
"SITE3871","ParticipantCount","3","Site"
"SITE3871","SiteCount","1","Site"
"SITE1273","ParticipantCount","1","Site"
"SITE1273","SiteCount","1","Site"
"SITE4754","ParticipantCount","1","Site"
"SITE4754","SiteCount","1","Site"
"SITE8361","ParticipantCount","1","Site"
"SITE8361","SiteCount","1","Site"
"SITE3068","ParticipantCount","4","Site"
"SITE3068","SiteCount","1","Site"
"SITE6123","ParticipantCount","2","Site"
"SITE6123","SiteCount","1","Site"
"SITE8799","ParticipantCount","13","Site"
"SITE8799","SiteCount","1","Site"
"SITE7809","ParticipantCount","7","Site"
"SITE7809","SiteCount","1","Site"
"SITE8633","ParticipantCount","6","Site"
"SITE8633","SiteCount","1","Site"
"SITE8764","ParticipantCount","4","Site"
"SITE8764","SiteCount","1","Site"
"SITE2532","ParticipantCount","12","Site"
"SITE2532","SiteCount","1","Site"
"SITE7983","ParticipantCount","13","Site"
"SITE7983","SiteCount","1","Site"
"SITE9346","ParticipantCount","11","Site"
"SITE9346","SiteCount","1","Site"
"SITE6405","ParticipantCount","6","Site"
"SITE6405","SiteCount","1","Site"
"SITE1257","ParticipantCount","5","Site"
"SITE1257","SiteCount","1","Site"
"SITE4264","ParticipantCount","5","Site"
"SITE4264","SiteCount","1","Site"
"SITE4629","ParticipantCount","8","Site"
"SITE4629","SiteCount","1","Site"
"SITE3989","ParticipantCount","7","Site"
"SITE3989","SiteCount","1","Site"
"SITE9414","ParticipantCount","7","Site"
"SITE9414","SiteCount","1","Site"
"SITE7184","ParticipantCount","5","Site"
"SITE7184","SiteCount","1","Site"
"SITE3081","ParticipantCount","11","Site"
"SITE3081","SiteCount","1","Site"
"SITE180","ParticipantCount","7","Site"
"SITE180","SiteCount","1","Site"
"SITE7096","ParticipantCount","5","Site"
"SITE7096","SiteCount","1","Site"
"SITE6900","ParticipantCount","7","Site"
"SITE6900","SiteCount","1","Site"
"SITE1727","ParticipantCount","7","Site"
"SITE1727","SiteCount","1","Site"
"SITE7004","ParticipantCount","9","Site"
"SITE7004","SiteCount","1","Site"
"SITE8786","ParticipantCount","8","Site"
"SITE8786","SiteCount","1","Site"
"SITE9147","ParticipantCount","2","Site"
"SITE9147","SiteCount","1","Site"
"SITE2883","ParticipantCount","3","Site"
"SITE2883","SiteCount","1","Site"
"SITE8354","ParticipantCount","6","Site"
"SITE8354","SiteCount","1","Site"
"SITE4072","ParticipantCount","9","Site"
"SITE4072","SiteCount","1","Site"
"SITE5185","ParticipantCount","1","Site"
"SITE5185","SiteCount","1","Site"
"SITE8210","ParticipantCount","6","Site"
"SITE8210","SiteCount","1","Site"
"SITE9884","ParticipantCount","4","Site"
"SITE9884","SiteCount","1","Site"
"SITE6991","ParticipantCount","3","Site"
"SITE6991","SiteCount","1","Site"
"SITE1934","ParticipantCount","4","Site"
"SITE1934","SiteCount","1","Site"
"SITE3839","ParticipantCount","6","Site"
"SITE3839","SiteCount","1","Site"
"SITE4155","ParticipantCount","2","Site"
"SITE4155","SiteCount","1","Site"
"SITE5217","ParticipantCount","1","Site"
"SITE5217","SiteCount","1","Site"
"SITE4028","ParticipantCount","2","Site"
"SITE4028","SiteCount","1","Site"
"SITE5033","ParticipantCount","10","Site"
"SITE5033","SiteCount","1","Site"
"SITE1233","ParticipantCount","6","Site"
"SITE1233","SiteCount","1","Site"
"SITE8616","ParticipantCount","1","Site"
"SITE8616","SiteCount","1","Site"
"SITE3077","ParticipantCount","3","Site"
"SITE3077","SiteCount","1","Site"
"SITE1544","ParticipantCount","2","Site"
"SITE1544","SiteCount","1","Site"
"SITE8768","ParticipantCount","7","Site"
"SITE8768","SiteCount","1","Site"
"SITE5425","ParticipantCount","2","Site"
"SITE5425","SiteCount","1","Site"
"SITE101","ParticipantCount","2","Site"
"SITE101","SiteCount","1","Site"
"SITE4260","ParticipantCount","8","Site"
"SITE4260","SiteCount","1","Site"
"SITE3938","ParticipantCount","4","Site"
"SITE3938","SiteCount","1","Site"
"SITE9888","ParticipantCount","2","Site"
"SITE9888","SiteCount","1","Site"
"SITE7543","ParticipantCount","2","Site"
"SITE7543","SiteCount","1","Site"
"SITE4875","ParticipantCount","2","Site"
"SITE4875","SiteCount","1","Site"
"SITE8084","ParticipantCount","2","Site"
"SITE8084","SiteCount","1","Site"
"SITE4976","ParticipantCount","1","Site"
"SITE4976","SiteCount","1","Site"
"SITE9766","ParticipantCount","2","Site"
"SITE9766","SiteCount","1","Site"
"SITE4703","ParticipantCount","2","Site"
"SITE4703","SiteCount","1","Site"
"SITE3759","ParticipantCount","1","Site"
"SITE3759","SiteCount","1","Site"
"SITE2030","ParticipantCount","1","Site"
"SITE2030","SiteCount","1","Site"
"SITE213","ParticipantCount","12","Site"
"SITE213","SiteCount","1","Site"
"SITE958","ParticipantCount","11","Site"
"SITE958","SiteCount","1","Site"
"SITE9737","ParticipantCount","6","Site"
"SITE9737","SiteCount","1","Site"
"SITE7011","ParticipantCount","6","Site"
"SITE7011","SiteCount","1","Site"
"SITE4874","ParticipantCount","7","Site"
"SITE4874","SiteCount","1","Site"
"SITE2323","ParticipantCount","6","Site"
"SITE2323","SiteCount","1","Site"
"SITE3289","ParticipantCount","7","Site"
"SITE3289","SiteCount","1","Site"
"SITE9661","ParticipantCount","7","Site"
"SITE9661","SiteCount","1","Site"
"SITE8857","ParticipantCount","2","Site"
"SITE8857","SiteCount","1","Site"
"SITE6384","ParticipantCount","5","Site"
"SITE6384","SiteCount","1","Site"
"SITE3719","ParticipantCount","5","Site"
"SITE3719","SiteCount","1","Site"
"SITE404","ParticipantCount","3","Site"
"SITE404","SiteCount","1","Site"
"SITE216","ParticipantCount","8","Site"
"SITE216","SiteCount","1","Site"
"SITE2986","ParticipantCount","7","Site"
"SITE2986","SiteCount","1","Site"
"SITE8351","ParticipantCount","9","Site"
"SITE8351","SiteCount","1","Site"
"SITE3090","ParticipantCount","5","Site"
"SITE3090","SiteCount","1","Site"
"SITE9516","ParticipantCount","4","Site"
"SITE9516","SiteCount","1","Site"
"SITE3353","ParticipantCount","7","Site"
"SITE3353","SiteCount","1","Site"
"SITE8997","ParticipantCount","5","Site"
"SITE8997","SiteCount","1","Site"
"SITE4612","ParticipantCount","2","Site"
"SITE4612","SiteCount","1","Site"
"SITE2923","ParticipantCount","3","Site"
"SITE2923","SiteCount","1","Site"
"SITE9395","ParticipantCount","4","Site"
"SITE9395","SiteCount","1","Site"
"SITE7246","ParticipantCount","2","Site"
"SITE7246","SiteCount","1","Site"
"SITE9418","ParticipantCount","3","Site"
"SITE9418","SiteCount","1","Site"
"SITE4543","ParticipantCount","3","Site"
"SITE4543","SiteCount","1","Site"
"SITE1841","ParticipantCount","3","Site"
"SITE1841","SiteCount","1","Site"
"SITE4314","ParticipantCount","8","Site"
"SITE4314","SiteCount","1","Site"
"SITE022","ParticipantCount","4","Site"
"SITE022","SiteCount","1","Site"
"SITE7860","ParticipantCount","4","Site"
"SITE7860","SiteCount","1","Site"
"SITE6155","ParticipantCount","3","Site"
"SITE6155","SiteCount","1","Site"
"SITE1935","ParticipantCount","2","Site"
"SITE1935","SiteCount","1","Site"
"SITE3415","ParticipantCount","4","Site"
"SITE3415","SiteCount","1","Site"
"SITE2062","ParticipantCount","1","Site"
"SITE2062","SiteCount","1","Site"
"SITE4424","ParticipantCount","2","Site"
"SITE4424","SiteCount","1","Site"
"SITE4744","ParticipantCount","2","Site"
"SITE4744","SiteCount","1","Site"
"SITE6068","ParticipantCount","2","Site"
"SITE6068","SiteCount","1","Site"
"SITE4275","ParticipantCount","1","Site"
"SITE4275","SiteCount","1","Site"
"UK","ParticipantCount","231","Country"
"UK","SiteCount","47","Country"
"US","ParticipantCount","318","Country"
"US","SiteCount","57","Country"
"Japan","ParticipantCount","216","Country"
"Japan","SiteCount","44","Country"
